Images,Probabilities
1f367.jpg,0.24857160449028015
1f3f3-fe0f-200d-1f308.jpg,0.24805192649364471
1f46d.jpg,0.24804696440696716
