Images,Probabilities
1f44e.jpg,0.2557971775531769
1f44e-1f3ff.jpg,0.25471043586730957
1f1f9-1f1f9.jpg,0.2519664764404297
1f449-1f3ff.jpg,0.25121891498565674
1f1e6-1f1f4.jpg,0.2508736550807953
