Images,Probabilities
1f468-1f3ff-200d-1f680.jpg,0.23612268
26f9-1f3ff-200d-2640-fe0f.jpg,0.23577398
1f3c3-1f3ff-200d-2642-fe0f.jpg,0.23576799
26f9-1f3ff.jpg,0.23539959
26f9-1f3ff-200d-2642-fe0f.jpg,0.2338269
