Images,Probabilities
1f46c.jpg,0.26592496
1f9d1-200d-1f91d-200d-1f9d1.jpg,0.26302004
1f9d1-1f3fb-200d-1f91d-200d-1f9d1-1f3fb.jpg,0.26285458
1f468-1f3fc-200d-1f91d-200d-1f468-1f3fb.jpg,0.2622564
1f46c-1f3fb.jpg,0.2619999
