Images,Probabilities
1f468.jpg,0.25995054841041565
1f914.jpg,0.2567688226699829
1f9d4-1f3fc.jpg,0.25429919362068176
