Images,Probabilities
1f914.jpg,0.24738216
1f468.jpg,0.23668814
1f448.jpg,0.23613419
1f442.jpg,0.23447168
1f476.jpg,0.23342223
