Images,Probabilities
1f367.jpg,0.25640708
1f364.jpg,0.2548908
1f3f3-fe0f-200d-1f308.jpg,0.2540348
1f469-200d-1f384.jpg,0.25163725
1f936.jpg,0.25163725
