Images,Probabilities
1f469-200d-1f527.jpg,0.2335813045501709
26a7.jpg,0.23178592324256897
1f469-200d-1f692.jpg,0.22923123836517334
1f364.jpg,0.2277010828256607
1fa72.jpg,0.22522315382957458
