Images,Probabilities
1f3f3-fe0f-200d-1f308.jpg,0.2631425
1f46c.jpg,0.25099587
1f3f3-fe0f-200d-26a7-fe0f.jpg,0.2509842
1f367.jpg,0.24948183
1f9d1-200d-1f91d-200d-1f9d1.jpg,0.24938622
