Images,Probabilities
1f3f3-fe0f-200d-1f308.jpg,0.2522179186344147
1f308.jpg,0.24463285505771637
1f367.jpg,0.24433857202529907
