Images,Probabilities
1f64d-1f3fd-200d-2640-fe0f.jpg,0.2471502
1f9df-200d-2642-fe0f.jpg,0.24555416
1f64d-1f3ff-200d-2640-fe0f.jpg,0.24490005
1f64d-1f3fe-200d-2640-fe0f.jpg,0.24488616
1f486-1f3fb-200d-2640-fe0f.jpg,0.24398285
