Images,Probabilities
1f469-1f3fe-200d-1f9b3.jpg,0.25801823
1f9d3.jpg,0.2579958
1f9d1-1f3fc-200d-1f9b3.jpg,0.25756794
1f469-1f3fc-200d-1f9b2.jpg,0.25743586
1f9d1-1f3fb-200d-1f9b2.jpg,0.25707412
