Images,Probabilities
1f471-1f3ff-200d-2642-fe0f.jpg,0.24979400634765625
1f468-1f3fe-200d-1f9b3.jpg,0.24897998571395874
1f469-1f3ff-200d-1f9b3.jpg,0.24897612631320953
1f469-1f3fe-200d-1f9b3.jpg,0.24851800501346588
270a-1f3fe.jpg,0.24818822741508484
