Images,Probabilities
1f9cd-200d-2640-fe0f.jpg,0.26164767
1f9cd-1f3fc-200d-2640-fe0f.jpg,0.26148793
1f3f3-fe0f-200d-1f308.jpg,0.2590679
1f3f3-fe0f-200d-26a7-fe0f.jpg,0.25864965
26a7.jpg,0.25600007
