Images,Probabilities
1f6b7.jpg,0.25741150975227356
1f47f.jpg,0.2499229609966278
1f6af.jpg,0.24877439439296722
1f47a.jpg,0.24453021585941315
1f468.jpg,0.24432431161403656
