Images,Probabilities
1f699.jpg,0.24639471
ae.jpg,0.24548942
1f697.jpg,0.24329887
1f698.jpg,0.24286251
1f3ce.jpg,0.2404671
