Images,Probabilities
26a7.jpg,0.2766128182411194
1f3f3-fe0f-200d-26a7-fe0f.jpg,0.2644297778606415
1f1e6-1f1f9.jpg,0.2619890570640564
