Images,Probabilities
1f6b7.jpg,0.24291272
1f468.jpg,0.24089743
1f47f.jpg,0.24068916
1f47a.jpg,0.23975451
1f9d3.jpg,0.23861189
